Use ECommercelibros
go

INSERT INTO usuarios (nombre, email, contraseña_hash, direccion, telefono, es_admin)
VALUES
('Juan Pérez', 'juan.perez@mail.com', 'hash123', 'Calle 1, Ciudad 1', '1234567890', 0),
('Carlos Gómez', 'carlos.gomez@mail.com', 'hash234', 'Calle 2, Ciudad 2', '1234567891', 0),
('Pedro Martínez', 'pedro.martinez@mail.com', 'hash345', 'Calle 3, Ciudad 3', '1234567892', 0),
('Jhon Rodríguez', 'jhon.rodriguez@mail.com', 'hash456', 'Calle 4, Ciudad 4', '1234567893', 0),
('Luis Fernández', 'luis.fernandez@mail.com', 'hash567', 'Calle 5, Ciudad 5', '1234567894', 0),
('Miguel Ramírez', 'miguel.ramirez@mail.com', 'hash678', 'Calle 6, Ciudad 6', '1234567895', 0),
('Andrés Torres', 'andres.torres@mail.com', 'hash789', 'Calle 7, Ciudad 7', '1234567896', 0),
('Sofía Morales', 'sofia.morales@mail.com', 'hash890', 'Calle 8, Ciudad 8', '1234567897', 0),
('María López', 'maria.lopez@mail.com', 'hash901', 'Calle 9, Ciudad 9', '1234567898', 0),
('Camila Vargas', 'camila.vargas@mail.com', 'hash012', 'Calle 10, Ciudad 10', '1234567899', 0),
('Ana García', 'ana.garcia@mail.com', 'hash1234', 'Calle 11, Ciudad 11', '1234567810', 0),
('Lucía Rivera', 'lucia.rivera@mail.com', 'hash2345', 'Calle 12, Ciudad 12', '1234567811', 0),
('Diana Castillo', 'diana.castillo@mail.com', 'hash3456', 'Calle 13, Ciudad 13', '1234567812', 0),
('Elena Ortiz', 'elena.ortiz@mail.com', 'hash4567', 'Calle 14, Ciudad 14', '1234567813', 0),
('Jorge Ramírez', 'jorge.ramirez@mail.com', 'hash5678', 'Calle 15, Ciudad 15', '1234567814', 0),
('Daniel Pérez', 'daniel.perez@mail.com', 'hash6789', 'Calle 16, Ciudad 16', '1234567815', 0),
('Gabriel Cruz', 'gabriel.cruz@mail.com', 'hash7890', 'Calle 17, Ciudad 17', '1234567816', 0),
('Isabel Sánchez', 'isabel.sanchez@mail.com', 'hash8901', 'Calle 18, Ciudad 18', '1234567817', 0),
('Fernanda Ruiz', 'fernanda.ruiz@mail.com', 'hash9012', 'Calle 19, Ciudad 19', '1234567818', 0),
('Claudia Delgado', 'claudia.delgado@mail.com', 'hash0123', 'Calle 20, Ciudad 20', '1234567819', 0),
('Esteban Silva', 'esteban.silva@mail.com', 'hash12345', 'Calle 21, Ciudad 21', '1234567820', 0),
('Javier Herrera', 'javier.herrera@mail.com', 'hash23456', 'Calle 22, Ciudad 22', '1234567821', 0),
('Mateo Soto', 'mateo.soto@mail.com', 'hash34567', 'Calle 23, Ciudad 23', '1234567822', 0),
('Valeria León', 'valeria.leon@mail.com', 'hash45678', 'Calle 24, Ciudad 24', '1234567823', 0),
('Victoria Guzmán', 'victoria.guzman@mail.com', 'hash56789', 'Calle 25, Ciudad 25', '1234567824', 0),
('Alejandro Castro', 'alejandro.castro@mail.com', 'hash67890', 'Calle 26, Ciudad 26', '1234567825', 0),
('Martín Navarro', 'martin.navarro@mail.com', 'hash78901', 'Calle 27, Ciudad 27', '1234567826', 0),
('Sebastián Aguilar', 'sebastian.aguilar@mail.com', 'hash89012', 'Calle 28, Ciudad 28', '1234567827', 0),
('Carla Medina', 'carla.medina@mail.com', 'hash90123', 'Calle 29, Ciudad 29', '1234567828', 0),
('Natalia Paredes', 'natalia.paredes@mail.com', 'hash01234', 'Calle 30, Ciudad 30', '1234567829', 0),
('Emilio Vega', 'emilio.vega@mail.com', 'hash123456', 'Calle 31, Ciudad 31', '1234567830', 0),
('Patricia Ramos', 'patricia.ramos@mail.com', 'hash234567', 'Calle 32, Ciudad 32', '1234567831', 0),
('Héctor Peña', 'hector.pena@mail.com', 'hash345678', 'Calle 33, Ciudad 33', '1234567832', 0),
('Andrea Lara', 'andrea.lara@mail.com', 'hash456789', 'Calle 34, Ciudad 34', '1234567833', 0),
('Paula Muñoz', 'paula.munoz@mail.com', 'hash567890', 'Calle 35, Ciudad 35', '1234567834', 0),
('Rafael Ortiz', 'rafael.ortiz@mail.com', 'hash678901', 'Calle 36, Ciudad 36', '1234567835', 0),
('Fabiola Flores', 'fabiola.flores@mail.com', 'hash789012', 'Calle 37, Ciudad 37', '1234567836', 0),
('Marcos Escobar', 'marcos.escobar@mail.com', 'hash890123', 'Calle 38, Ciudad 38', '1234567837', 0),
('Alberto Valdez', 'alberto.valdez@mail.com', 'hash901234', 'Calle 39, Ciudad 39', '1234567838', 0),
('Carmen Molina', 'carmen.molina@mail.com', 'hash012345', 'Calle 40, Ciudad 40', '1234567839', 1)
go

-- Insertar Autores
INSERT INTO Autor (Nombre, FechaNacimiento)
VALUES
('Emanuel Rivas', '1975-03-15'),
('Florencia Cardozo', '1980-07-22'),
('Ulises Aranda', '1968-01-11'),
('Isabela Montiel', '1990-09-05'),
('Agustín Bravo', '1985-12-19'),
('Luciana Ortega', '1978-04-30'),
('Maximiliano Suárez', '1965-11-20'),
('Gabriela Domínguez', '1992-06-10'),
('Leandro Campos', '1983-08-17'),
('Mónica Estrada', '1977-10-14'),
('Ignacio Paredes', '1988-02-25'),
('Renata Espinoza', '1995-05-09'),
('Esteban Quiroga', '1970-07-03'),
('Carolina Vargas', '1982-11-08'),
('Tomás Castillo', '1969-03-28')
go

-- Insertar Categorías
INSERT INTO categorias (nombre_categoria, descripcion)
VALUES
('Ficción', 'Libros que narran historias imaginarias o inventadas.'),
('Romance', 'Historias centradas en relaciones amorosas.'),
('Ciencia Ficción', 'Obras que exploran avances científicos y tecnológicos imaginarios.'),
('Fantasía', 'Relatos en mundos ficticios con elementos mágicos.'),
('Historia', 'Libros sobre eventos históricos y sus análisis.'),
('Biografía', 'Relatos de la vida de personajes importantes.'),
('Autodesarrollo', 'Obras enfocadas en el crecimiento personal y profesional.'),
('Infantil', 'Libros dirigidos al público infantil.'),
('Juvenil', 'Historias pensadas para adolescentes y jóvenes adultos.'),
('Misterio', 'Novelas centradas en resolver crímenes o enigmas.'),
('Terror', 'Historias diseñadas para generar miedo o suspenso.'),
('Clásicos', 'Obras literarias reconocidas universalmente.'),
('Poesía', 'Libros que contienen composiciones poéticas.'),
('Aventura', 'Historias emocionantes y llenas de acción.'),
('Religión y Espiritualidad', 'Textos sobre creencias, valores y espiritualidad.')
go

-- Insertar Productos
INSERT INTO productos (titulo, descripcion, tipo_producto, precio, genero, fecha_publicacion, stock, idioma, url_archivo, peso, paginas)
VALUES
('El viajero del tiempo', 'Una emocionante novela sobre viajes temporales.', 'Libro Físico', 19.99, 'Ciencia Ficción', '2023-01-10', 30, 'Español', NULL, 0.8, 320),
('Romance bajo la lluvia', 'Una historia de amor en medio de la tormenta.', 'Libro Digital', 9.99, 'Romance', '2022-07-14', 100, 'Español', 'url1', NULL, NULL),
('El mago oscuro', 'Una épica aventura en un mundo de fantasía.', 'Audiolibro', 14.99, 'Fantasía', '2021-05-21', 50, 'Español', 'url2', NULL, NULL),
('Historias perdidas', 'Relatos históricos olvidados del siglo XVIII.', 'Libro Físico', 24.99, 'Historia', '2020-11-02', 20, 'Español', NULL, 1.2, 450),
('El arte de liderar', 'Guía para el desarrollo del liderazgo personal.', 'Libro Digital', 12.99, 'Autodesarrollo', '2023-04-10', 200, 'Español', 'url3', NULL, NULL),
('Cuentos mágicos para niños', 'Relatos fantásticos para los más pequeños.', 'Libro Físico', 15.99, 'Infantil', '2022-09-15', 40, 'Español', NULL, 0.5, 120),
('El enigma del asesino', 'Una novela de misterio que te mantendrá en vilo.', 'Audiolibro', 11.99, 'Misterio', '2021-03-12', 70, 'Español', 'url4', NULL, NULL),
('La sombra en la noche', 'Un thriller que no te dejará dormir.', 'Libro Físico', 18.99, 'Terror', '2022-01-25', 50, 'Español', NULL, 0.7, 280),
('Poemas de una vida', 'Una recopilación de los mejores poemas.', 'Libro Digital', 7.99, 'Poesía', '2023-06-18', 120, 'Español', 'url5', NULL, NULL),
('Las aventuras de Max', 'Una serie de emocionantes historias de aventura.', 'Libro Físico', 22.99, 'Aventura', '2021-08-30', 25, 'Español', NULL, 0.9, 350),
('Meditaciones diarias', 'Reflexiones espirituales para cada día.', 'Audiolibro', 13.99, 'Religión y Espiritualidad', '2022-12-15', 60, 'Español', 'url6', NULL, NULL),
('El camino de Santiago', 'Una historia de superación personal.', 'Libro Digital', 10.99, 'Autodesarrollo', '2023-05-12', 90, 'Español', 'url7', NULL, NULL),
('El último guerrero', 'Una novela de fantasía épica.', 'Libro Físico', 25.99, 'Fantasía', '2020-07-01', 40, 'Español', NULL, 1.1, 400),
('El misterio del faro', 'Un crimen por resolver en un pequeño pueblo.', 'Audiolibro', 16.99, 'Misterio', '2021-09-20', 80, 'Español', 'url8', NULL, NULL),
('Amor eterno', 'Una historia de amor a través del tiempo.', 'Libro Digital', 8.99, 'Romance', '2022-03-15', 150, 'Español', 'url9', NULL, NULL),
('El futuro incierto', 'Una mirada a las posibles sociedades futuras.', 'Libro Físico', 20.99, 'Ciencia Ficción', '2023-10-05', 35, 'Español', NULL, 0.8, 330),
('Cuentos para soñar', 'Relatos infantiles llenos de imaginación.', 'Libro Físico', 14.99, 'Infantil', '2023-02-14', 50, 'Español', NULL, 0.6, 100),
('Clásicos del terror', 'Una selección de los mejores relatos de miedo.', 'Libro Físico', 18.99, 'Terror', '2020-10-31', 45, 'Español', NULL, 0.9, 300),
('La gran aventura', 'Un viaje lleno de peligros y descubrimientos.', 'Audiolibro', 17.99, 'Aventura', '2021-06-18', 70, 'Español', 'url10', NULL, NULL),
('Leyendas de antaño', 'Historias clásicas que nunca pasan de moda.', 'Libro Digital', 6.99, 'Clásicos', '2023-08-25', 200, 'Español', 'url11', NULL, NULL),
('Biografía de un líder', 'La vida de un empresario exitoso.', 'Libro Físico', 19.99, 'Biografía', '2021-04-10', 25, 'Español', NULL, 0.7, 280),
('Pensamientos nocturnos', 'Poesías para reflexionar al final del día.', 'Libro Digital', 7.99, 'Poesía', '2023-09-01', 80, 'Español', 'url12', NULL, NULL),
('La noche más oscura', 'Una novela de suspenso atrapante.', 'Audiolibro', 15.99, 'Misterio', '2022-11-22', 60, 'Español', 'url13', NULL, NULL),
('El libro de los héroes', 'Relatos épicos para inspirarte.', 'Libro Físico', 23.99, 'Fantasía', '2020-12-25', 30, 'Español', NULL, 1.3, 500),
('Viaje al pasado', 'Un recorrido histórico por eventos significativos.', 'Libro Digital', 9.99, 'Historia', '2023-03-30', 110, 'Español', 'url14', NULL, NULL),
('Caminos cruzados', 'Historias de amor inesperadas.', 'Audiolibro', 14.99, 'Romance', '2022-05-10', 80, 'Español', 'url15', NULL, NULL),
('Horizontes lejanos', 'Explorando mundos más allá de la Tierra.', 'Libro Físico', 21.99, 'Ciencia Ficción', '2021-01-18', 40, 'Español', NULL, 0.9, 360),
('Relatos de la infancia', 'Historias para niños de todas las edades.', 'Libro Físico', 13.99, 'Infantil', '2023-07-11', 60, 'Español', NULL, 0.5, 120),
('Filosofía para la vida', 'Reflexiones para el día a día.', 'Audiolibro', 12.99, 'Religión y Espiritualidad', '2021-10-22', 75, 'Español', 'url16', NULL, NULL),
('La rosa y el espino', 'Una trágica historia de amor.', 'Libro Digital', 8.49, 'Romance', '2022-08-19', 120, 'Español', 'url17', NULL, NULL),
('La rebelión de las máquinas', 'Un futuro dominado por la inteligencia artificial.', 'Libro Físico', 24.99, 'Ciencia Ficción', '2023-05-01', 30, 'Español', NULL, 1.0, 420),
('El dragón y el guerrero', 'Un enfrentamiento épico en un reino lejano.', 'Libro Físico', 22.49, 'Fantasía', '2022-09-23', 25, 'Español', NULL, 0.8, 350),
('Crónicas de la noche', 'Historias de terror que no olvidarás.', 'Audiolibro', 16.49, 'Terror', '2023-10-31', 40, 'Español', 'url18', NULL, NULL),
('Ecos del pasado', 'Una biografía que inspira.', 'Libro Digital', 11.99, 'Biografía', '2021-12-15', 90, 'Español', 'url19', NULL, NULL),
('El viaje del poeta', 'Reflexiones poéticas en prosa.', 'Libro Digital', 8.99, 'Poesía', '2023-02-28', 130, 'Español', 'url20', NULL, NULL),
('La última cruzada', 'Una aventura para cambiar el destino.', 'Audiolibro', 14.49, 'Aventura', '2022-04-14', 70, 'Español', 'url21', NULL, NULL),
('Sombras en el bosque', 'Un cuento infantil con enseñanzas.', 'Libro Físico', 16.99, 'Infantil', '2023-09-30', 45, 'Español', NULL, 0.7, 150),
('Secretos del universo', 'Explorando los misterios de la existencia.', 'Libro Digital', 10.99, 'Religión y Espiritualidad', '2023-06-16', 75, 'Español', 'url22', NULL, NULL)
go

INSERT INTO metodos_pago (nombre_metodo, descripcion)
VALUES
('Tarjeta de Crédito', 'Pago con tarjeta de crédito'),
('PayPal', 'Pago a través de PayPal')
go




